id,length,positivity,negativity,pubdate_day,pubdate_month,pubdate_year,pubdate_dayofweek,pubdate_weeknr
569eba862d00594dd4c62efb,3261,2,-3,7,1,2015,2,1
569ebbbd2d00594dd4c6311b,1980,1,-3,10,1,2015,5,1
569ebc102d00594dd4c631a5,4068,2,-3,11,1,2015,6,2
569ebc852d00594dd4c6326c,720,1,-2,13,1,2015,1,2
569ebdf92d00594dd4c634ea,2278,2,-3,20,1,2015,1,3
569ebf392d00594dd4c63715,3956,3,-4,23,1,2015,4,3
569ec0882d00594dd4c639e5,670,3,-2,27,1,2015,1,4
569ec1082d00594dd4c63af5,2023,3,-3,29,1,2015,3,4
569ec14c2d00594dd4c63b73,812,1,-4,30,1,2015,4,4
569ec1812d00594dd4c63bd4,887,1,-2,30,1,2015,4,4
569f5cbd2d0059663a7bca00,2281,3,-3,17,1,2014,4,2
569f5cbd2d0059663a7bca65,2240,1,-3,20,1,2014,0,3
569f5cbd2d0059663a7bcac4,2149,3,-3,30,1,2014,3,4
569f5cc42d0059663a7bd4a2,568,1,-1,7,1,2014,1,1
569f5cc52d0059663a7bd53c,773,3,-2,8,1,2014,2,1
569f5cc62d0059663a7bd6c3,3590,3,-4,9,1,2014,3,1
569f5cc62d0059663a7bd6e7,364,1,-3,9,1,2014,3,1
569f5cc72d0059663a7bda75,1964,3,-2,13,1,2014,0,2
569f5cc82d0059663a7bdbc0,3102,3,-3,14,1,2014,1,2
569f5cc82d0059663a7bdbce,840,1,-2,14,1,2014,1,2
569f5cc82d0059663a7bdc05,3837,4,-3,14,1,2014,1,2
569f5cc82d0059663a7bdc69,1604,1,-3,14,1,2014,1,2
569f5cc92d0059663a7bdf11,1277,1,-2,16,1,2014,3,2
569f5cca2d0059663a7bdfe4,1487,3,-3,17,1,2014,4,2
569f5cca2d0059663a7bdfeb,1210,3,-3,17,1,2014,4,2
569f5cca2d0059663a7bdfef,3123,3,-3,17,1,2014,4,2
569f5cca2d0059663a7bdff7,1250,3,-2,17,1,2014,4,2
569f5cca2d0059663a7be01f,1644,3,-3,17,1,2014,4,2
569f5cca2d0059663a7be05a,776,2,-2,17,1,2014,4,2
569f5cca2d0059663a7be0a5,5223,4,-3,17,1,2014,4,2
569f5cca2d0059663a7be0aa,4945,3,-3,17,1,2014,4,2
569f5ccb2d0059663a7be175,2641,2,-3,18,1,2014,5,2
569f5ccb2d0059663a7be37b,701,1,-1,20,1,2014,0,3
569f5ccb2d0059663a7be37e,3072,3,-3,20,1,2014,0,3
569f5ccc2d0059663a7be404,2364,3,-4,20,1,2014,0,3
569f5ccc2d0059663a7be40f,763,1,-2,20,1,2014,0,3
569f5ccc2d0059663a7be443,1319,1,-3,20,1,2014,0,3
569f5ccc2d0059663a7be564,499,3,-1,29,1,2014,2,4
569f5ccc2d0059663a7be57d,899,3,-2,29,1,2014,2,4
569f5ccc2d0059663a7be585,2221,3,-3,29,1,2014,2,4
569f5ccc2d0059663a7be61b,5583,4,-3,29,1,2014,2,4
569f5ccd2d0059663a7be6cc,1995,3,-3,30,1,2014,3,4
569f5ccd2d0059663a7be6ce,1995,3,-3,30,1,2014,3,4
569f5ccd2d0059663a7be6f1,1166,2,-3,30,1,2014,3,4
569f5ccd2d0059663a7be707,261,1,-3,30,1,2014,3,4
569f5cce2d0059663a7be779,5859,4,-3,30,1,2014,3,4
569f5cd22d0059663a7be908,3271,3,-3,31,1,2014,4,4
569f5cd62d0059663a7bed62,379,1,-2,9,1,2014,3,1
569f5cd72d0059663a7bf141,6519,3,-3,15,1,2014,2,2
569f5cd82d0059663a7bf25f,1277,1,-2,16,1,2014,3,2
569f5cd82d0059663a7bf274,2227,1,-3,16,1,2014,3,2
569f5cd82d0059663a7bf2eb,1994,3,-3,17,1,2014,4,2
569f5cd82d0059663a7bf300,2426,3,-4,17,1,2014,4,2
569f5cd82d0059663a7bf383,4624,2,-3,18,1,2014,5,2
569f5cdb2d0059663a7bf522,1108,3,-2,20,1,2014,0,3
569f5cdb2d0059663a7bf539,2096,3,-3,20,1,2014,0,3
569f5cdc2d0059663a7bf6d8,1999,3,-3,30,1,2014,3,4
569f5cdd2d0059663a7bf6f4,4106,3,-3,30,1,2014,3,4
569f5ceb2d0059663a7c0f07,1136,3,-3,4,2,2014,1,5
569f5ceb2d0059663a7c103e,2113,2,-3,15,2,2014,5,6
569f5cf72d0059663a7c255a,819,3,-2,12,2,2014,2,6
569f5cf82d0059663a7c25ac,3616,3,-3,12,2,2014,2,6
569f5cf82d0059663a7c2649,487,2,-1,12,2,2014,2,6
569f5cf82d0059663a7c274a,947,1,-2,13,2,2014,3,6
569f5cf92d0059663a7c2818,569,1,-2,14,2,2014,4,6
569f5cf92d0059663a7c2998,764,2,-2,15,2,2014,5,6
569f5cfc2d0059663a7c2f2a,326,1,-1,19,2,2014,2,7
569f5cfc2d0059663a7c2fd0,753,1,-1,20,2,2014,3,7
569f5cfc2d0059663a7c2fec,3072,4,-3,20,2,2014,3,7
569f5cfd2d0059663a7c3104,768,2,-1,20,2,2014,3,7
569f5cfd2d0059663a7c3137,908,1,-2,21,2,2014,4,7
569f5cfd2d0059663a7c3173,3101,3,-3,21,2,2014,4,7
569f5cfe2d0059663a7c350c,1214,2,-2,24,2,2014,0,8
569f5cfe2d0059663a7c350d,951,3,-1,24,2,2014,0,8
569f5d002d0059663a7c39fe,2429,2,-3,28,2,2014,4,8
569f5d062d0059663a7c3cb4,7557,3,-3,5,2,2014,2,5
569f5d062d0059663a7c3cb8,9527,3,-3,5,2,2014,2,5
569f5d062d0059663a7c3cc0,10642,3,-3,5,2,2014,2,5
569f5d062d0059663a7c3cce,13471,3,-4,5,2,2014,2,5
569f5d062d0059663a7c3ce3,16799,4,-4,5,2,2014,2,5
569f5d062d0059663a7c3ced,18054,4,-4,5,2,2014,2,5
569f5d062d0059663a7c3cf1,19912,4,-4,5,2,2014,2,5
569f5d062d0059663a7c3cfb,19910,4,-4,5,2,2014,2,5
569f5d0b2d0059663a7c4315,577,1,-2,13,2,2014,3,6
569f5d0f2d0059663a7c4bab,1920,2,-2,24,2,2014,0,8
569f5d0f2d0059663a7c4c72,1986,3,-3,25,2,2014,1,8
569f5d102d0059663a7c4cc7,2264,1,-3,26,2,2014,2,8
569f5d102d0059663a7c4cce,2264,1,-3,26,2,2014,2,8
569f5d212d0059663a7c73e5,426,1,-3,3,3,2014,0,9
569f5d222d0059663a7c75f1,630,3,-1,5,3,2014,2,9
569f5d232d0059663a7c77c0,3520,4,-3,6,3,2014,3,9
569f5d242d0059663a7c797f,5887,3,-4,7,3,2014,4,9
569f5d292d0059663a7c7f0b,682,1,-2,12,3,2014,2,10
569f5d292d0059663a7c7f0c,682,1,-2,12,3,2014,2,10
569f5d292d0059663a7c7fea,701,1,-3,13,3,2014,3,10
569f5d2a2d0059663a7c800a,3167,3,-3,13,3,2014,3,10
569f5d2a2d0059663a7c800f,688,2,-3,13,3,2014,3,10
569f5d2a2d0059663a7c8020,783,2,-2,13,3,2014,3,10
569f5d2c2d0059663a7c8344,615,1,-2,19,3,2014,2,11
569f5d2d2d0059663a7c85d6,646,1,-2,21,3,2014,4,11
569f5d2e2d0059663a7c8891,822,3,-1,23,3,2014,6,12
569f5d2e2d0059663a7c88d2,1338,3,-3,24,3,2014,0,12
569f5d2f2d0059663a7c8a75,906,2,-2,25,3,2014,1,12
569f5d2f2d0059663a7c8bb8,370,1,-2,26,3,2014,2,12
569f5d2f2d0059663a7c8bed,3742,3,-3,26,3,2014,2,12
569f5d302d0059663a7c8d2c,1421,1,-3,27,3,2014,3,12
569f5d312d0059663a7c8f13,3794,3,-3,28,3,2014,4,12
569f5d342d0059663a7c9624,3714,2,-4,6,3,2014,3,9
569f5d342d0059663a7c9633,3714,2,-4,6,3,2014,3,9
569f5d372d0059663a7c9e06,2898,2,-3,22,3,2014,5,11
569f5d482d0059663a7cba25,466,1,-2,1,4,2014,1,13
569f5d492d0059663a7cbacc,762,1,-1,1,4,2014,1,13
569f5d4a2d0059663a7cbce7,455,1,-1,3,4,2014,3,13
569f5d4f2d0059663a7cc84b,758,1,-3,14,4,2014,0,15
569f5d4f2d0059663a7cc880,2135,3,-3,14,4,2014,0,15
569f5d512d0059663a7ccca9,685,3,-1,17,4,2014,3,15
569f5d512d0059663a7ccd65,3991,3,-3,17,4,2014,3,15
569f5d532d0059663a7cd191,927,1,-2,21,4,2014,0,16
569f5d562d0059663a7cd88a,4663,3,-3,27,4,2014,6,17
569f5d572d0059663a7cd981,1003,1,-3,28,4,2014,0,17
569f5d572d0059663a7cd982,1004,1,-3,28,4,2014,0,17
569f5d572d0059663a7cd98b,2172,3,-3,28,4,2014,0,17
569f5d572d0059663a7cdaa1,1121,2,-3,28,4,2014,0,17
569f5d582d0059663a7cdb65,2460,4,-3,29,4,2014,1,17
569f5d582d0059663a7cdc66,996,3,-1,30,4,2014,2,17
569f5d582d0059663a7cdc74,1117,3,-3,30,4,2014,2,17
569f5d582d0059663a7cdc75,1683,3,-3,30,4,2014,2,17
569f5d582d0059663a7cdcdb,967,1,-3,30,4,2014,2,17
569f5d5a2d0059663a7ce0bd,5719,3,-4,4,4,2014,4,13
569f5d5b2d0059663a7ce3c0,751,2,-2,9,4,2014,2,14
569f5d5d2d0059663a7ce88f,3455,3,-3,18,4,2014,4,15
569f5d5e2d0059663a7cee62,3203,2,-3,28,4,2014,0,17
569f5d6c2d0059663a7d16dd,2850,3,-3,8,5,2014,3,18
569f5d712d0059663a7d2712,938,3,-3,3,5,2014,5,17
569f5d712d0059663a7d2713,936,3,-3,3,5,2014,5,17
569f5d712d0059663a7d2829,4727,3,-3,4,5,2014,6,18
569f5d722d0059663a7d293a,880,1,-1,5,5,2014,0,18
569f5d732d0059663a7d2c27,451,1,-3,7,5,2014,2,18
569f5d742d0059663a7d301f,405,1,-3,10,5,2014,5,18
569f5d752d0059663a7d3502,1650,2,-3,14,5,2014,2,19
569f5d762d0059663a7d363e,2879,3,-3,15,5,2014,3,19
569f5d762d0059663a7d3693,297,1,-2,15,5,2014,3,19
569f5d762d0059663a7d36c7,4531,3,-3,15,5,2014,3,19
569f5d762d0059663a7d374a,585,1,-3,15,5,2014,3,19
569f5d762d0059663a7d37e9,3076,3,-4,16,5,2014,4,19
569f5d782d0059663a7d3cb4,1082,2,-3,20,5,2014,1,20
569f5d782d0059663a7d3d9e,778,2,-2,20,5,2014,1,20
569f5d782d0059663a7d3dd3,3033,2,-3,21,5,2014,2,20
569f5d782d0059663a7d3e15,1681,2,-2,21,5,2014,2,20
569f5d782d0059663a7d3e80,1019,1,-3,21,5,2014,2,20
569f5d782d0059663a7d3ea8,2315,2,-3,21,5,2014,2,20
569f5d782d0059663a7d3f4f,1604,1,-2,22,5,2014,3,20
569f5d782d0059663a7d3f6e,104,1,-1,22,5,2014,3,20
569f5d792d0059663a7d3f8f,879,1,-2,22,5,2014,3,20
569f5d792d0059663a7d3fa8,778,1,-2,22,5,2014,3,20
569f5d792d0059663a7d4010,5115,4,-3,22,5,2014,3,20
569f5d792d0059663a7d41c6,1280,1,-2,23,5,2014,4,20
569f5d7a2d0059663a7d4515,1238,1,-3,27,5,2014,1,21
569f5d7b2d0059663a7d481b,759,1,-2,29,5,2014,3,21
569f5d7c2d0059663a7d4c28,938,3,-3,3,5,2014,5,17
569f5d7d2d0059663a7d4d30,2464,2,-4,5,5,2014,0,18
569f5d7d2d0059663a7d4d38,3134,2,-4,5,5,2014,0,18
569f5d7d2d0059663a7d4d5e,3675,2,-4,5,5,2014,0,18
569f5d7d2d0059663a7d4d6f,3769,2,-4,5,5,2014,0,18
569f5d7d2d0059663a7d4dbe,2410,2,-2,6,5,2014,1,18
569f5d7d2d0059663a7d4dc8,2685,2,-3,6,5,2014,1,18
569f5d7d2d0059663a7d4dcf,2548,2,-3,6,5,2014,1,18
569f5d7d2d0059663a7d4dd9,2849,2,-3,6,5,2014,1,18
569f5d7d2d0059663a7d4de3,2849,2,-3,6,5,2014,1,18
569f5d7d2d0059663a7d4ded,1378,4,-3,6,5,2014,1,18
569f5d7d2d0059663a7d4f00,1072,3,-3,8,5,2014,3,18
569f5d7d2d0059663a7d4f2e,1974,2,-3,8,5,2014,3,18
569f5d7e2d0059663a7d50b2,1861,2,-3,10,5,2014,5,18
569f5d7e2d0059663a7d50b7,1861,2,-3,10,5,2014,5,18
569f5d7e2d0059663a7d50be,2292,4,-3,10,5,2014,5,18
569f5d7e2d0059663a7d50d8,2072,5,-3,11,5,2014,6,19
569f5d7e2d0059663a7d5165,3561,3,-3,12,5,2014,0,19
569f5d7e2d0059663a7d517b,3561,3,-3,12,5,2014,0,19
569f5d7e2d0059663a7d528b,1510,1,-3,13,5,2014,1,19
569f5d7f2d0059663a7d536b,4129,3,-3,15,5,2014,3,19
569f5d7f2d0059663a7d537f,4129,3,-3,15,5,2014,3,19
569f5d7f2d0059663a7d5638,3819,2,-3,20,5,2014,1,20
569f5d802d0059663a7d57b2,3731,2,-4,22,5,2014,3,20
569f5d802d0059663a7d57b7,3731,2,-4,22,5,2014,3,20
569f5d812d0059663a7d5b0c,3194,2,-3,27,5,2014,1,21
569f5d812d0059663a7d5b1c,3537,2,-3,27,5,2014,1,21
569f5d812d0059663a7d5b27,3537,2,-3,27,5,2014,1,21
569f5d8e2d0059663a7d84ac,893,1,-2,3,6,2014,1,22
569f5d8e2d0059663a7d84b1,2159,1,-4,4,6,2014,2,22
569f5d8e2d0059663a7d84c2,884,1,-1,4,6,2014,2,22
569f5d8f2d0059663a7d8798,4241,4,-4,28,6,2014,5,25
569f5d932d0059663a7d93ff,226,1,-1,2,6,2014,0,22
569f5d932d0059663a7d9535,2284,3,-2,3,6,2014,1,22
569f5d932d0059663a7d964b,1868,1,-3,3,6,2014,1,22
569f5d932d0059663a7d9660,1935,1,-3,4,6,2014,2,22
569f5d932d0059663a7d9667,875,1,-3,4,6,2014,2,22
569f5d932d0059663a7d966d,458,2,-1,4,6,2014,2,22
569f5d932d0059663a7d9678,222,1,-3,4,6,2014,2,22
569f5d932d0059663a7d9681,1052,1,-3,4,6,2014,2,22
569f5d932d0059663a7d968b,2521,3,-2,4,6,2014,2,22
569f5d932d0059663a7d96a4,198,1,-2,4,6,2014,2,22
569f5d932d0059663a7d96c1,572,1,-3,4,6,2014,2,22
569f5d932d0059663a7d96c2,269,1,-3,4,6,2014,2,22
569f5d932d0059663a7d96d5,261,2,-1,4,6,2014,2,22
569f5d932d0059663a7d9715,605,1,-4,4,6,2014,2,22
569f5d932d0059663a7d9720,1351,2,-5,4,6,2014,2,22
569f5d932d0059663a7d974f,573,1,-2,4,6,2014,2,22
569f5d932d0059663a7d978b,981,1,-3,4,6,2014,2,22
569f5d942d0059663a7d97d6,2856,4,-3,5,6,2014,3,22
569f5d942d0059663a7d9864,2685,2,-3,5,6,2014,3,22
569f5d942d0059663a7d98bb,516,1,-4,5,6,2014,3,22
569f5d942d0059663a7d98cd,925,2,-3,5,6,2014,3,22
569f5d942d0059663a7d98f0,1621,2,-4,5,6,2014,3,22
569f5d952d0059663a7d9ba9,786,2,-2,8,6,2014,6,23
569f5d952d0059663a7d9c54,2293,3,-3,9,6,2014,0,23
569f5d982d0059663a7da03a,1302,2,-3,12,6,2014,3,23
569f5d982d0059663a7da047,330,1,-1,12,6,2014,3,23
569f5d982d0059663a7da04f,528,1,-1,12,6,2014,3,23
569f5d982d0059663a7da0cb,316,1,-2,12,6,2014,3,23
569f5d982d0059663a7da17e,3121,4,-3,13,6,2014,4,23
569f5d982d0059663a7da1fd,861,1,-2,13,6,2014,4,23
569f5d982d0059663a7da227,1282,1,-3,13,6,2014,4,23
569f5d982d0059663a7da22f,3970,3,-3,13,6,2014,4,23
569f5d982d0059663a7da306,802,1,-3,14,6,2014,5,23
569f5d982d0059663a7da349,1957,1,-3,14,6,2014,5,23
569f5d992d0059663a7da5f0,699,1,-3,17,6,2014,1,24
569f5d992d0059663a7da60b,1060,3,-1,17,6,2014,1,24
569f5d992d0059663a7da619,2877,3,-4,17,6,2014,1,24
569f5d992d0059663a7da626,2356,3,-5,17,6,2014,1,24
569f5d992d0059663a7da62a,2461,3,-3,17,6,2014,1,24
569f5d992d0059663a7da6e6,617,1,-2,17,6,2014,1,24
569f5d9a2d0059663a7da761,339,3,-2,18,6,2014,2,24
569f5d9a2d0059663a7da767,2069,3,-2,18,6,2014,2,24
569f5d9a2d0059663a7da76a,2059,3,-2,18,6,2014,2,24
569f5d9a2d0059663a7da7da,379,3,-1,18,6,2014,2,24
569f5d9a2d0059663a7da841,3941,3,-3,18,6,2014,2,24
569f5d9a2d0059663a7da8fd,2243,3,-5,19,6,2014,3,24
569f5d9a2d0059663a7da940,710,1,-3,19,6,2014,3,24
569f5d9a2d0059663a7da980,355,1,-2,19,6,2014,3,24
569f5d9a2d0059663a7da9af,4718,3,-3,19,6,2014,3,24
569f5d9a2d0059663a7daa88,1928,2,-3,20,6,2014,4,24
569f5d9b2d0059663a7dacce,4633,3,-5,22,6,2014,6,25
569f5d9b2d0059663a7dadc6,2501,4,-5,23,6,2014,0,25
569f5d9c2d0059663a7db099,2561,3,-4,25,6,2014,2,25
569f5d9d2d0059663a7db38b,2604,3,-3,27,6,2014,4,25
569f5d9d2d0059663a7db3ec,1246,1,-3,27,6,2014,4,25
569f5d9e2d0059663a7db9be,1946,1,-3,3,6,2014,1,22
569f5d9e2d0059663a7db9c0,3443,2,-3,3,6,2014,1,22
569f5d9e2d0059663a7db9c1,3259,2,-3,3,6,2014,1,22
569f5d9e2d0059663a7db9c7,4594,2,-3,4,6,2014,2,22
569f5d9e2d0059663a7db9ef,6800,2,-4,4,6,2014,2,22
569f5d9f2d0059663a7dba4c,4159,1,-4,4,6,2014,2,22
569f5d9f2d0059663a7dba75,976,1,-3,4,6,2014,2,22
569f5d9f2d0059663a7dbb13,516,1,-4,5,6,2014,3,22
569f5d9f2d0059663a7dbb9d,526,1,-2,6,6,2014,4,22
569f5d9f2d0059663a7dbbbb,1249,1,-4,6,6,2014,4,22
569f5da02d0059663a7dbffb,2959,2,-2,14,6,2014,5,23
569f5da02d0059663a7dc032,1909,1,-3,14,6,2014,5,23
569f5da02d0059663a7dc122,3664,3,-3,16,6,2014,0,24
569f5da12d0059663a7dc236,2073,3,-2,18,6,2014,2,24
569f5da12d0059663a7dc242,2073,3,-2,18,6,2014,2,24
569f5da12d0059663a7dc446,876,1,-3,21,6,2014,5,24
569f5da22d0059663a7dc806,1740,1,-3,27,6,2014,4,25
569f5da22d0059663a7dc81e,1198,1,-4,27,6,2014,4,25
569f5da22d0059663a7dc835,610,1,-2,27,6,2014,4,25
569f5de32d0059663a7de58b,1758,1,-3,10,7,2014,3,27
569f5de42d0059663a7de6bc,9588,3,-4,21,7,2014,0,29
569f5de42d0059663a7de730,3986,4,-3,25,7,2014,4,29
569f5de42d0059663a7de7df,2714,2,-3,31,7,2014,3,30
569f5de82d0059663a7df450,1341,1,-3,2,7,2014,2,26
569f5de92d0059663a7dfa1e,632,2,-2,7,7,2014,0,27
569f5dea2d0059663a7dfba4,1902,1,-1,8,7,2014,1,27
569f5dea2d0059663a7dfea4,1087,2,-3,10,7,2014,3,27
569f5deb2d0059663a7dff5c,569,2,-2,10,7,2014,3,27
569f5deb2d0059663a7dffc6,2654,3,-3,11,7,2014,4,27
569f5dec2d0059663a7e04c5,1889,3,-3,15,7,2014,1,28
569f5dec2d0059663a7e04d9,529,1,-1,15,7,2014,1,28
569f5dec2d0059663a7e04ef,943,2,-3,15,7,2014,1,28
569f5ded2d0059663a7e06dc,2460,3,-3,17,7,2014,3,28
569f5dee2d0059663a7e08ef,1721,2,-4,18,7,2014,4,28
569f5df12d0059663a7e112e,383,1,-1,25,7,2014,4,29
569f5df12d0059663a7e12cf,3778,3,-3,27,7,2014,6,30
569f5df22d0059663a7e14e4,3186,2,-3,29,7,2014,1,30
569f5df22d0059663a7e155c,3276,3,-3,29,7,2014,1,30
569f5df32d0059663a7e16bd,1420,3,-3,30,7,2014,2,30
569f5df32d0059663a7e17c9,807,1,-2,31,7,2014,3,30
569f5df32d0059663a7e17d1,1592,3,-3,31,7,2014,3,30
569f5df32d0059663a7e17d2,1593,3,-3,31,7,2014,3,30
569f5df32d0059663a7e17f9,918,1,-4,31,7,2014,3,30
569f5df32d0059663a7e1823,954,3,-3,31,7,2014,3,30
569f5df32d0059663a7e1860,1442,3,-2,31,7,2014,3,30
569f5df32d0059663a7e1922,1101,1,-3,1,8,2014,4,30
569f5df72d0059663a7e1fe0,1521,2,-3,10,7,2014,3,27
569f5df82d0059663a7e2313,943,2,-3,15,7,2014,1,28
569f5dfa2d0059663a7e2b3c,4169,3,-3,30,7,2014,2,30
569f5dfa2d0059663a7e2b4f,4213,3,-3,30,7,2014,2,30
569f5e052d0059663a7e4aef,2987,3,-3,11,8,2014,0,32
569f5e052d0059663a7e4b5c,3166,4,-3,14,8,2014,3,32
569f5e092d0059663a7e57ba,1463,1,-3,4,8,2014,0,31
569f5e092d0059663a7e57c4,1461,1,-3,4,8,2014,0,31
569f5e0a2d0059663a7e5ac7,2478,1,-3,6,8,2014,2,31
569f5e0a2d0059663a7e5c4c,1861,2,-3,7,8,2014,3,31
569f5e0b2d0059663a7e5e09,3566,1,-5,9,8,2014,5,31
569f5e0b2d0059663a7e5fb2,373,1,-2,11,8,2014,0,32
569f5e0b2d0059663a7e5fd2,2754,2,-3,11,8,2014,0,32
569f5e0c2d0059663a7e6109,2536,2,-3,12,8,2014,1,32
569f5e0c2d0059663a7e6220,1077,1,-2,13,8,2014,2,32
569f5e0d2d0059663a7e6603,2324,3,-3,25,8,2014,0,34
569f5e0e2d0059663a7e68b8,860,2,-2,28,8,2014,3,34
569f5e0f2d0059663a7e6c4e,1939,1,-3,4,8,2014,0,31
569f5e0f2d0059663a7e6c5c,1939,1,-3,4,8,2014,0,31
569f5e102d0059663a7e70b0,2974,2,-3,12,8,2014,1,32
569f5e102d0059663a7e70c6,2974,2,-3,12,8,2014,1,32
569f5e102d0059663a7e71da,1098,1,-2,13,8,2014,2,32
569f5e122d0059663a7e7894,2871,3,-3,1,9,2014,0,35
569f5e152d0059663a7e831c,1444,2,-3,6,9,2014,5,35
569f5e152d0059663a7e833b,15168,2,-4,7,9,2014,6,36
569f5e162d0059663a7e85ee,1643,1,-3,1,10,2014,2,39
569f5e1a2d0059663a7e9296,388,1,-1,3,9,2014,2,35
569f5e1b2d0059663a7e95ef,982,1,-3,5,9,2014,4,35
569f5e1b2d0059663a7e967a,874,2,-3,6,9,2014,5,35
569f5e1c2d0059663a7e9811,3156,4,-3,8,9,2014,0,36
569f5e1c2d0059663a7e9951,678,1,-4,9,9,2014,1,36
569f5e1d2d0059663a7e9aea,178,1,-3,10,9,2014,2,36
569f5e1d2d0059663a7e9c10,1156,2,-1,11,9,2014,3,36
569f5e1d2d0059663a7e9dc5,819,1,-3,12,9,2014,4,36
569f5e1f2d0059663a7ea1f6,3664,3,-3,16,9,2014,1,37
569f5e232d0059663a7eafdd,4784,3,-3,1,10,2014,2,39
569f5e232d0059663a7eb0e6,390,1,-1,3,9,2014,2,35
569f5e252d0059663a7eb6c9,840,2,-2,21,9,2014,6,38
569f5e2a2d0059663a7ec785,1868,1,-3,1,10,2014,2,39
569f5e2a2d0059663a7ec824,3920,3,-4,6,10,2014,0,40
569f5e2b2d0059663a7ec8a1,1252,3,-3,9,10,2014,3,40
569f5e2b2d0059663a7ecb81,1391,3,-2,30,10,2014,3,43
569f5e2b2d0059663a7ecb8e,2729,3,-4,30,10,2014,3,43
569f5e302d0059663a7ed9cf,4419,3,-3,3,10,2014,4,39
569f5e332d0059663a7edde1,540,1,-3,7,10,2014,1,40
569f5e332d0059663a7eddfa,3416,2,-3,7,10,2014,1,40
569f5e342d0059663a7edf40,466,1,-1,8,10,2014,2,40
569f5e342d0059663a7ee0b3,164,1,-1,9,10,2014,3,40
569f5e342d0059663a7ee0c9,1069,3,-3,9,10,2014,3,40
569f5e342d0059663a7ee104,644,1,-3,9,10,2014,3,40
569f5e352d0059663a7ee1ba,794,1,-3,9,10,2014,3,40
569f5e352d0059663a7ee1bd,791,1,-3,9,10,2014,3,40
569f5e362d0059663a7ee6a3,2275,4,-3,14,10,2014,1,41
569f5e372d0059663a7ee81e,2767,3,-3,15,10,2014,2,41
569f5e372d0059663a7ee9c9,1405,3,-4,16,10,2014,3,41
569f5e382d0059663a7eeec7,5198,3,-4,20,10,2014,0,42
569f5e392d0059663a7ef06a,515,1,-3,21,10,2014,1,42
569f5e392d0059663a7ef0ff,768,1,-1,22,10,2014,2,42
569f5e3b2d0059663a7ef81d,903,3,-2,27,10,2014,0,43
569f5e3b2d0059663a7ef866,2293,3,-4,28,10,2014,1,43
569f5e3b2d0059663a7ef887,1302,3,-3,28,10,2014,1,43
569f5e3c2d0059663a7efa68,674,2,-1,29,10,2014,2,43
569f5e3c2d0059663a7efb56,713,4,-2,30,10,2014,3,43
569f5e3c2d0059663a7efb57,1175,3,-1,30,10,2014,3,43
569f5e3c2d0059663a7efb5b,462,2,-1,30,10,2014,3,43
569f5e3c2d0059663a7efb83,3477,4,-3,30,10,2014,3,43
569f5e3c2d0059663a7efb91,244,2,-1,30,10,2014,3,43
569f5e3e2d0059663a7f01b3,796,1,-2,7,10,2014,1,40
569f5e3e2d0059663a7f03d1,1029,2,-3,10,10,2014,4,40
569f5e402d0059663a7f0837,5950,3,-4,17,10,2014,4,41
569f5e422d0059663a7f1034,4327,2,-3,31,10,2014,4,43
569f5e422d0059663a7f10bd,4547,2,-3,31,10,2014,4,43
569f5e432d0059663a7f13dc,2860,3,-4,19,11,2014,2,46
569f5e442d0059663a7f1559,3891,3,-4,29,11,2014,5,47
569f5e512d0059663a7f361b,4893,4,-3,4,11,2014,1,44
569f5e532d0059663a7f3a3e,4140,3,-3,7,11,2014,4,44
569f5e542d0059663a7f3f6b,1427,3,-3,12,11,2014,2,45
569f5e542d0059663a7f4041,3388,4,-3,13,11,2014,3,45
569f5e572d0059663a7f46a6,1241,1,-3,18,11,2014,1,46
569f5e582d0059663a7f4763,4525,2,-3,19,11,2014,2,46
569f5e582d0059663a7f4822,736,1,-1,19,11,2014,2,46
569f5e582d0059663a7f4893,2693,3,-3,20,11,2014,3,46
569f5e582d0059663a7f48dc,771,1,-1,20,11,2014,3,46
569f5e592d0059663a7f4d5e,403,1,-1,24,11,2014,0,47
569f5e5a2d0059663a7f4eb7,2632,3,-3,25,11,2014,1,47
569f5e5b2d0059663a7f510e,978,2,-3,26,11,2014,2,47
569f5e5b2d0059663a7f5161,2530,3,-3,27,11,2014,3,47
569f5e5b2d0059663a7f524a,428,1,-3,27,11,2014,3,47
569f5e5b2d0059663a7f5332,3551,3,-3,28,11,2014,4,47
569f5e5c2d0059663a7f5583,802,2,-2,1,12,2014,0,48
569f5e5d2d0059663a7f5877,5059,4,-4,5,11,2014,2,44
569f5e5d2d0059663a7f598f,998,1,-3,7,11,2014,4,44
569f5e5f2d0059663a7f600a,3060,1,-3,18,11,2014,1,46
569f5e5f2d0059663a7f6090,1234,1,-3,18,11,2014,1,46
569f5e5f2d0059663a7f6131,5687,2,-3,19,11,2014,2,46
569f5e5f2d0059663a7f6195,881,1,-3,20,11,2014,3,46
569f5e602d0059663a7f630a,822,1,-2,22,11,2014,5,46
569f5e602d0059663a7f651f,3237,3,-3,25,11,2014,1,47
569f5e612d0059663a7f6617,1380,1,-3,27,11,2014,3,47
569f5e612d0059663a7f6683,2898,3,-3,27,11,2014,3,47
569f5e612d0059663a7f6771,5467,3,-3,29,11,2014,5,47
569f5e612d0059663a7f685a,569,1,-1,1,12,2014,0,48
569f5e622d0059663a7f6921,1306,1,-3,3,12,2014,2,48
569f5e622d0059663a7f694b,2433,2,-4,4,12,2014,3,48
569f5e622d0059663a7f6b71,2988,4,-3,17,12,2014,2,50
569f5e6c2d0059663a7f89f2,3335,4,-3,1,12,2014,0,48
569f5e6d2d0059663a7f8aab,2050,3,-3,2,12,2014,1,48
569f5e6d2d0059663a7f8b10,907,2,-3,2,12,2014,1,48
569f5e6d2d0059663a7f8cad,551,1,-3,3,12,2014,2,48
569f5e6d2d0059663a7f8d15,828,1,-1,4,12,2014,3,48
569f5e6e2d0059663a7f90dd,4658,3,-4,8,12,2014,0,49
569f5e6f2d0059663a7f9339,2766,3,-4,10,12,2014,2,49
569f5e6f2d0059663a7f93e1,6202,4,-3,10,12,2014,2,49
569f5e6f2d0059663a7f94bc,559,2,-1,11,12,2014,3,49
569f5e702d0059663a7f9887,697,1,-1,14,12,2014,6,50
569f5e712d0059663a7f990b,709,1,-3,15,12,2014,0,50
569f5e712d0059663a7f9be6,8240,4,-3,17,12,2014,2,50
569f5e722d0059663a7f9c92,439,1,-3,18,12,2014,3,50
569f5e722d0059663a7f9cab,193,1,-3,18,12,2014,3,50
569f5e722d0059663a7f9cae,2327,4,-3,18,12,2014,3,50
569f5e722d0059663a7f9cbd,672,2,-3,18,12,2014,3,50
569f5e722d0059663a7f9cc4,768,3,-3,18,12,2014,3,50
569f5e722d0059663a7f9d54,2943,3,-3,18,12,2014,3,50
569f5e722d0059663a7f9d58,2083,2,-2,18,12,2014,3,50
569f5e722d0059663a7f9e77,5619,3,-4,19,12,2014,4,50
569f5e722d0059663a7f9f67,1235,2,-3,20,12,2014,5,50
569f5e732d0059663a7fa0bc,5370,3,-3,22,12,2014,0,51
569f5e732d0059663a7fa0ea,2425,3,-3,22,12,2014,0,51
569f5e732d0059663a7fa19c,244,1,-2,22,12,2014,0,51
569f5e742d0059663a7fa380,3159,3,-3,24,12,2014,2,51
569f5e752d0059663a7fa7de,3432,4,-3,30,12,2014,1,52
569f5e762d0059663a7faa83,799,1,-3,2,12,2014,1,48
569f5e762d0059663a7fabe5,1355,1,-3,3,12,2014,2,48
569f5e762d0059663a7fabed,3457,2,-3,3,12,2014,2,48
569f5e782d0059663a7fb18d,4037,2,-3,12,12,2014,4,49
569f5e782d0059663a7fb1e2,4766,2,-3,13,12,2014,5,49
569f6e482d00596a2db9104c,1512,1,-2,1,2,2015,6,5
569f6e792d00596a2db9109c,651,3,-2,2,2,2015,0,5
569f6f742d00596a2db91234,1353,1,-3,4,2,2015,2,5
569f704a2d00596a2db91399,2210,2,-3,6,2,2015,4,5
569f716c2d00596a2db9156a,9314,3,-4,10,2,2015,1,6
569f73102d00596a2db917e5,528,1,-2,14,2,2015,5,6
569f74a12d00596a2db91a53,5181,3,-3,18,2,2015,2,7
569f76db2d00596a2db91d96,903,1,-2,24,2,2015,1,8
569f787b2d00596a2db92021,4543,3,-4,28,2,2015,5,8
569f79a62d00596a2db92203,5104,3,-3,3,3,2015,1,9
569f79f22d00596a2db92278,3087,3,-4,4,3,2015,2,9
569f7d5f2d00596a2db92733,6312,3,-4,12,3,2015,3,10
569f7d6c2d00596a2db92745,3537,3,-3,12,3,2015,3,10
569f7e342d00596a2db92872,1810,2,-3,14,3,2015,5,10
569f7ed92d00596a2db92965,5938,2,-4,16,3,2015,0,11
569f81892d00596a2db92d4e,1079,1,-2,22,3,2015,6,12
569f82232d00596a2db92e24,3476,3,-3,24,3,2015,1,12
569f822f2d00596a2db92e33,3476,3,-3,24,3,2015,1,12
569f828d2d00596a2db92eb7,338,2,-1,25,3,2015,2,12
569f82c82d00596a2db92f0f,5516,3,-4,25,3,2015,2,12
569f85b02d00596a2db932e1,744,2,-2,1,4,2015,2,13
569f862e2d00596a2db933ad,4858,4,-4,2,4,2015,3,13
569f86452d00596a2db933ca,2085,2,-3,2,4,2015,3,13
569f86a12d00596a2db93443,2076,2,-3,2,4,2015,3,13
569f87c72d00596a2db935d8,1210,1,-3,6,4,2015,0,14
569f88542d00596a2db93693,737,3,-2,7,4,2015,1,14
569f8a372d00596a2db936bf,2667,3,-2,8,4,2015,2,14
569f8a442d00596a2db936cf,5481,4,-4,8,4,2015,2,14
569f8a4e2d00596a2db936dc,5481,4,-4,8,4,2015,2,14
569f8a942d00596a2db93736,631,1,-2,9,4,2015,3,14
569f8aa92d00596a2db93752,892,1,-3,9,4,2015,3,14
569f8aad2d00596a2db93757,489,1,-1,9,4,2015,3,14
569f8c232d00596a2db93905,1537,1,-4,12,4,2015,6,15
569f8c242d00596a2db93906,1537,1,-4,12,4,2015,6,15
569f8e022d00596a2db93b6a,4204,3,-3,16,4,2015,3,15
569f8e452d00596a2db93bc4,3986,3,-4,17,4,2015,4,15
569f8e4f2d00596a2db93bd2,655,2,-1,17,4,2015,4,15
569f91222d00596a2db93f8f,1361,4,-3,23,4,2015,3,16
569f913d2d00596a2db93fb0,7648,3,-4,24,4,2015,4,16
569f94ba2d00596a2db9445b,2671,2,-3,2,5,2015,5,17
569f95152d00596a2db944e2,2671,2,-3,3,5,2015,6,18
569f95252d00596a2db944fa,565,1,-1,4,5,2015,0,18
569f95622d00596a2db94552,320,1,-3,4,5,2015,0,18
569f98252d00596a2db9491a,1628,1,-4,11,5,2015,0,19
569f998d2d00596a2db94aff,921,1,-2,15,5,2015,4,19
569f99d32d00596a2db94b63,4002,3,-3,16,5,2015,5,19
569f99e62d00596a2db94b7f,1408,1,-3,16,5,2015,5,19
569f9a152d00596a2db94bc3,1550,1,-4,16,5,2015,5,19
569f9a672d00596a2db94c36,792,4,-2,18,5,2015,0,20
569f9ae52d00596a2db94cf4,1597,1,-2,19,5,2015,1,20
569f9b2f2d00596a2db94d63,386,1,-1,20,5,2015,2,20
569f9c3c2d00596a2db94ed6,880,2,-3,22,5,2015,4,20
569f9d7e2d00596a2db9509a,1372,1,-3,26,5,2015,1,21
569f9e472d00596a2db951a0,2633,4,-3,28,5,2015,3,21
569f9e6b2d00596a2db951d1,2633,4,-3,28,5,2015,3,21
569f9ffd2d00596a2db95404,2718,3,-3,1,6,2015,0,22
569fa0af2d00596a2db954f5,4086,2,-3,3,6,2015,2,22
569fa4462d00596a2db959c2,1349,2,-4,12,6,2015,4,23
569fa7312d00596a2db95da2,2347,2,-3,19,6,2015,4,24
569fa7a52d00596a2db95e2d,1929,3,-3,20,6,2015,5,24
569faa0f2d00596a2db96102,650,3,-1,26,6,2015,4,25
569fab912d00596a2db962e4,704,1,-1,30,6,2015,1,26
569facfa2d00596a2db964b0,4756,2,-3,5,11,2015,3,44
569fad022d00596a2db964bb,4756,2,-3,5,11,2015,3,44
569fad082d00596a2db964c5,4756,2,-3,5,11,2015,3,44
569fad792d00596a2db96569,3954,2,-3,7,11,2015,5,44
569faeab2d00596a2db966c1,659,1,-2,11,11,2015,2,45
569faee12d00596a2db96710,2956,1,-3,12,11,2015,3,45
569fb6032d00596a2db96df0,1817,4,-2,4,12,2015,4,48
569fb6d72d00596a2db96ebe,3807,2,-3,7,12,2015,0,49
569fb6dd2d00596a2db96ec7,3017,2,-3,8,12,2015,1,49
569fb7442d00596a2db96f58,9814,3,-4,9,12,2015,2,49
569fb74d2d00596a2db96f66,9814,3,-4,9,12,2015,2,49
569fb7512d00596a2db96f6c,9814,3,-4,9,12,2015,2,49
569fb75b2d00596a2db96f7b,9814,3,-4,9,12,2015,2,49
569fb8612d00596a2db970d2,3398,4,-3,14,12,2015,0,50
56a3b22c2d00597140203501,952,1,-3,5,1,2015,0,1
56a3b2942d005971402035a6,3700,4,-3,5,1,2015,0,1
56a3b3262d005971402036bc,3683,4,-3,6,1,2015,1,1
56a3b92f2d00597140203a78,394,1,-2,9,1,2015,4,1
56a3d67c2d005971402041ac,324,1,-3,19,1,2015,0,3
56a3d7222d005971402042dd,574,1,-3,20,1,2015,1,3
56a3d7a52d005971402043d4,432,1,-1,21,1,2015,2,3
56a3d81f2d005971402044b2,3792,3,-3,22,1,2015,3,3
56a3d8a92d005971402045c4,4823,4,-3,23,1,2015,4,3
56a3d9902d005971402047b7,5364,2,-3,25,1,2015,6,4
56a3da062d005971402048b3,2825,3,-3,26,1,2015,0,4
56a3daca2d00597140204a14,5615,4,-3,27,1,2015,1,4
56a3db192d00597140204aa1,1557,1,-4,27,1,2015,1,4
56a3e07b2d00597140204c30,2209,3,-3,29,1,2015,3,4
56a3e0882d00597140204c49,6217,3,-4,29,1,2015,3,4
56a3e08b2d00597140204c4c,670,1,-3,29,1,2015,3,4
56a3e0972d00597140204c57,1334,1,-3,29,1,2015,3,4
56a3e0cd2d00597140204caf,256,3,-2,29,1,2015,3,4
56a3e0d52d00597140204cbb,804,1,-3,29,1,2015,3,4
56a3e1322d00597140204d63,2946,3,-2,30,1,2015,4,4
56a3e1612d00597140204db3,772,3,-3,30,1,2015,4,4
56a3e19d2d00597140204e21,905,1,-2,30,1,2015,4,4
56a3e66f2d00597140204f95,1533,1,-2,1,2,2015,6,5
56a3e7702d0059714020517f,834,1,-2,3,2,2015,1,5
56a3e7732d00597140205187,1304,3,-2,3,2,2015,1,5
56a3e7c72d0059714020521d,4982,4,-3,3,2,2015,1,5
56a3f08f2d005971402052b8,785,1,-3,4,2,2015,2,5
56a3f0b02d005971402052e5,8501,3,-4,4,2,2015,2,5
56a3f0ed2d00597140205354,1355,1,-3,4,2,2015,2,5
56a3f1cd2d005971402054ea,1246,3,-2,5,2,2015,3,5
56a3f1f22d0059714020552f,949,2,-3,6,2,2015,4,5
56a3f2092d00597140205553,4682,3,-3,6,2,2015,4,5
56a3f2782d005971402055fe,1355,4,-3,6,2,2015,4,5
56a3f37d2d00597140205819,1028,1,-2,9,2,2015,0,6
56a3f8552d0059714020595d,2086,2,-2,10,2,2015,1,6
56a3fd5d2d00597140205a84,4986,3,-3,11,2,2015,2,6
56a3fdbe2d00597140205b27,767,1,-2,11,2,2015,2,6
56a3fdd92d00597140205b53,979,1,-2,11,2,2015,2,6
56a3fe052d00597140205ba9,857,3,-2,12,2,2015,3,6
56a3fe1f2d00597140205bd6,8085,3,-3,12,2,2015,3,6
56a407692d00597140205d3a,4547,4,-3,13,2,2015,4,6
56a407952d00597140205d87,6334,3,-3,13,2,2015,4,6
56a40d722d00597140206078,404,2,-1,16,2,2015,0,7
56a411f02d00597140206117,4282,3,-3,17,2,2015,1,7
56a420742d005971402064aa,4397,3,-3,20,2,2015,4,7
56a421782d005971402066ee,1282,1,-4,22,2,2015,6,8
56a426e02d00597140206950,3770,3,-4,24,2,2015,1,8
56a43eb12d00597140206e76,931,1,-2,1,3,2015,6,9
56a43f862d00597140207032,782,2,-3,3,3,2015,1,9
56a43f992d00597140207052,1562,3,-3,3,3,2015,1,9
56a43fa22d00597140207061,1363,1,-3,3,3,2015,1,9
56a43fa72d00597140207068,4774,4,-3,3,3,2015,1,9
56a43fa82d0059714020706a,1562,3,-3,3,3,2015,1,9
56a440952d00597140207253,995,1,-2,4,3,2015,2,9
56a4419c2d0059714020747d,3813,3,-5,6,3,2015,4,9
56a4429e2d005971402076e0,387,1,-2,9,3,2015,0,10
56a442e52d0059714020776e,5111,3,-3,9,3,2015,0,10
56a447db2d0059714020791e,662,1,-2,11,3,2015,2,10
56a448e82d00597140207b18,759,1,-3,12,3,2015,3,10
56a448f32d00597140207b37,1229,1,-2,12,3,2015,3,10
56a448f32d00597140207b38,839,1,-2,12,3,2015,3,10
56a44fc12d00597140207fc5,726,1,-1,17,3,2015,1,11
56a4507e2d00597140208159,596,1,-2,18,3,2015,2,11
56a4512a2d0059714020828d,721,1,-2,19,3,2015,3,11
56a452892d005971402085bd,1124,1,-2,22,3,2015,6,12
56a4530b2d005971402086d0,654,1,-2,23,3,2015,0,12
56a457632d00597140208737,786,2,-2,24,3,2015,1,12
56a45c652d005971402088da,831,1,-2,25,3,2015,2,12
56a45cda2d005971402089be,1359,2,-3,26,3,2015,3,12
56a461a42d00597140208b12,4818,3,-4,27,3,2015,4,12
56a470c02d0059714020910f,5227,3,-3,2,4,2015,3,13
56a4710d2d0059714020919c,2293,3,-3,2,4,2015,3,13
56a476902d0059714020944d,498,1,-1,5,4,2015,6,14
56a47b372d0059714020955e,1234,1,-3,6,4,2015,0,14
56a47b692d005971402095cd,1129,4,-1,7,4,2015,1,14
56a47b7d2d005971402095eb,4119,3,-3,7,4,2015,1,14
56a47b852d005971402095f5,1422,1,-3,7,4,2015,1,14
56a47bdb2d005971402096b5,905,2,-3,8,4,2015,2,14
56a47be42d005971402096c9,2737,3,-3,8,4,2015,2,14
56a47bed2d005971402096e0,1574,3,-3,8,4,2015,2,14
56a47bf12d005971402096ec,885,3,-1,8,4,2015,2,14
56a47c192d00597140209734,168,1,-2,8,4,2015,2,14
56a47c2d2d0059714020974f,1069,2,-1,8,4,2015,2,14
56a47c332d0059714020975d,9164,3,-3,8,4,2015,2,14
56a47c882d005971402097fc,2233,2,-3,9,4,2015,3,14
56a47c892d005971402097fe,2312,3,-2,9,4,2015,3,14
56a47c902d00597140209806,3837,2,-3,9,4,2015,3,14
56a47c992d0059714020981a,813,4,-2,9,4,2015,3,14
56a47ced2d005971402098b5,527,1,-2,9,4,2015,3,14
56a47d0c2d00597140209903,3131,3,-3,10,4,2015,4,14
56a47d372d0059714020995d,5116,4,-3,10,4,2015,4,14
56a47ddf2d00597140209af0,1562,1,-4,12,4,2015,6,15
56a47e512d00597140209bee,5755,3,-2,13,4,2015,0,15
56a47e682d00597140209c20,694,1,-1,13,4,2015,0,15
56a47f1f2d00597140209d8c,9636,3,-3,14,4,2015,1,15
56a4839d2d00597140209e4a,3740,4,-3,15,4,2015,2,15
56a48cbb2d00597140209ff6,3577,3,-3,16,4,2015,3,15
56a49bba2d0059714020a544,5055,4,-3,21,4,2015,1,16
56a49ccc2d0059714020a748,5384,4,-3,23,4,2015,3,16
56a49d192d0059714020a7ed,824,1,-1,23,4,2015,3,16
56a49e942d0059714020ab36,1437,2,-3,26,4,2015,6,17
56a4a2cb2d0059714020ab71,868,2,-4,27,4,2015,0,17
56a4a2f22d0059714020abc7,1724,3,-2,27,4,2015,0,17
56a4a3972d0059714020acf8,8191,3,-3,28,4,2015,1,17
56a4a48a2d0059714020aec0,2174,3,-2,30,4,2015,3,17
56a4a4952d0059714020aed8,7139,4,-3,30,4,2015,3,17
56a4a49f2d0059714020aee9,2275,3,-3,30,4,2015,3,17
56a4a4ae2d0059714020af14,1168,1,-2,30,4,2015,3,17
56a4a5482d0059714020b03d,6379,4,-3,1,5,2015,4,17
56a4a55a2d0059714020b05f,1244,3,-2,1,5,2015,4,17
56a4a5cb2d0059714020b11e,888,2,-3,2,5,2015,5,17
56a4a5fe2d0059714020b183,2040,3,-3,2,5,2015,5,17
56a4a6142d0059714020b1c7,3319,3,-5,2,5,2015,5,17
56a4a6a12d0059714020b2e6,8225,4,-3,4,5,2015,0,18
56a4a8142d0059714020b5da,1949,3,-2,6,5,2015,2,18
56a4a8822d0059714020b6b4,8453,4,-4,7,5,2015,3,18
56a4a8d02d0059714020b753,778,3,-2,8,5,2015,4,18
56a4a8d02d0059714020b754,778,3,-2,8,5,2015,4,18
56a4a8f92d0059714020b7bc,5933,4,-3,8,5,2015,4,18
56a4ab092d0059714020bc2e,1564,2,-3,12,5,2015,1,19
56a4abd52d0059714020bda9,5972,3,-3,14,5,2015,3,19
56a4ac222d0059714020be64,906,2,-2,14,5,2015,3,19
56a4ac532d0059714020beca,930,1,-3,15,5,2015,4,19
56a4ac702d0059714020bf08,933,1,-2,15,5,2015,4,19
56a4ac852d0059714020bf39,3153,4,-3,15,5,2015,4,19
56a4acf32d0059714020c02a,1330,1,-3,16,5,2015,5,19
56a4ad232d0059714020c08f,1118,1,-4,16,5,2015,5,19
56a4ad382d0059714020c0c0,2113,3,-3,17,5,2015,6,20
56a4adad2d0059714020c1a0,1361,2,-1,18,5,2015,0,20
56a4ae152d0059714020c251,748,1,-2,18,5,2015,0,20
56a4ae1b2d0059714020c260,750,1,-2,18,5,2015,0,20
56a4ae462d0059714020c2b8,5752,3,-3,19,5,2015,1,20
56a4ae522d0059714020c2d3,666,1,-3,19,5,2015,1,20
56a4ae562d0059714020c2dc,1389,1,-2,19,5,2015,1,20
56a4ae5b2d0059714020c2e5,1831,4,-3,19,5,2015,1,20
56a4af582d0059714020c4b0,988,3,-2,20,5,2015,2,20
56a4afcb2d0059714020c579,5238,4,-3,21,5,2015,3,20
56a4b1702d0059714020c900,5002,4,-3,25,5,2015,0,21
56a4b1bc2d0059714020c98c,1040,1,-1,25,5,2015,0,21
56a4b1bd2d0059714020c98f,432,1,-3,25,5,2015,0,21
56a4b2792d0059714020cad8,2378,1,-3,26,5,2015,1,21
56a4b2832d0059714020caed,1355,1,-2,27,5,2015,2,21
56a4b5242d0059714020d07d,3286,4,-3,1,6,2015,0,22
56a4b5372d0059714020d0a4,1236,1,-2,1,6,2015,0,22
56a4b5ac2d0059714020d179,733,3,-3,1,6,2015,0,22
56a4b5bf2d0059714020d1a0,553,1,-2,2,6,2015,1,22
56a4b6272d0059714020d276,823,1,-3,2,6,2015,1,22
56a4b65b2d0059714020d2e2,5012,4,-3,3,6,2015,2,22
56a4b6602d0059714020d2ed,1105,3,-2,3,6,2015,2,22
56a4b6732d0059714020d317,1343,4,-2,3,6,2015,2,22
56a4b6e92d0059714020d40e,5154,4,-3,4,6,2015,3,22
56a4b7742d0059714020d534,3239,3,-3,5,6,2015,4,22
56a4ba3e2d0059714020dafb,8235,3,-4,10,6,2015,2,23
56a4ba9e2d0059714020dbb9,1325,2,-2,11,6,2015,3,23
56a4bafc2d0059714020dc63,1536,2,-2,11,6,2015,3,23
56a4bafd2d0059714020dc64,606,1,-3,11,6,2015,3,23
56a4bb322d0059714020dcdf,5187,4,-3,12,6,2015,4,23
56a4bc002d0059714020deaa,915,4,-2,14,6,2015,6,24
56a4bcd02d0059714020e03a,777,1,-1,15,6,2015,0,24
56a4bd472d0059714020e122,1819,1,-3,16,6,2015,1,24
56a4bd472d0059714020e123,1819,1,-3,16,6,2015,1,24
56a4be4e2d0059714020e2f7,1298,1,-2,18,6,2015,3,24
56a4bf0a2d0059714020e454,2562,3,-3,19,6,2015,4,24
56a4bf222d0059714020e479,1569,4,-4,19,6,2015,4,24
56a4c0992d0059714020e762,682,1,-2,22,6,2015,0,25
56a4c16b2d0059714020e8ef,2843,4,-3,24,6,2015,2,25
56a4c1a12d0059714020e961,926,1,-2,24,6,2015,2,25
56a4c1cc2d0059714020e9bb,812,1,-2,25,6,2015,3,25
56a4c27b2d0059714020eb0b,4968,3,-3,26,6,2015,4,25
56a4c5072d0059714020f08b,899,3,-2,1,7,2015,2,26
56a4c55c2d0059714020f13e,1543,2,-3,2,7,2015,3,26
56a4cba82d0059714020f573,9959,4,-4,6,7,2015,0,27
56a4cc7a2d0059714020f726,5734,3,-3,7,7,2015,1,27
56a4ccad2d0059714020f7a3,906,1,-3,8,7,2015,2,27
56a4ccf02d0059714020f81c,8684,3,-3,8,7,2015,2,27
56a4ccf22d0059714020f81e,902,1,-1,8,7,2015,2,27
56a4cd552d0059714020f901,4892,3,-3,9,7,2015,3,27
56a4cd5d2d0059714020f911,2190,1,-3,9,7,2015,3,27
56a4ce2e2d0059714020fad0,2184,3,-3,10,7,2015,4,27
56a4cf2c2d0059714020fd21,4577,4,-3,13,7,2015,0,28
56a4cfc32d0059714020fe5e,867,2,-3,14,7,2015,1,28
56a4cfd92d0059714020fe8d,1479,3,-3,14,7,2015,1,28
56a4cff22d0059714020febb,4277,3,-3,14,7,2015,1,28
56a4d02e2d0059714020ff25,2628,2,-2,14,7,2015,1,28
56a4d0b62d0059714021003a,570,1,-1,15,7,2015,2,28
56a4d1212d00597140210106,4165,3,-3,16,7,2015,3,28
56a4d1612d00597140210170,853,1,-3,16,7,2015,3,28
56a4d16c2d00597140210183,579,1,-3,17,7,2015,4,28
56a4d3982d00597140210658,674,1,-2,21,7,2015,1,29
56a4d3ca2d005971402106cd,8396,3,-3,22,7,2015,2,29
56a4d42f2d005971402107a1,1098,1,-3,22,7,2015,2,29
56a4d4682d00597140210824,3425,3,-3,23,7,2015,3,29
56a4d5552d005971402109f6,1057,1,-2,24,7,2015,4,29
56a4d5cd2d00597140210afc,4392,3,-3,26,7,2015,6,30
56a4d6892d00597140210c60,519,4,-2,27,7,2015,0,30
56a4d7f32d00597140210f36,3079,3,-3,30,7,2015,3,30
56a4d8012d00597140210f4a,637,3,-2,30,7,2015,3,30
56a4d80a2d00597140210f57,2339,3,-3,30,7,2015,3,30
56a4d80c2d00597140210f5d,5247,3,-3,30,7,2015,3,30
56a4d8192d00597140210f7a,1618,3,-2,30,7,2015,3,30
56a4d8492d00597140210fd6,275,1,-1,30,7,2015,3,30
56a4d87b2d0059714021103a,678,1,-3,30,7,2015,3,30
56a4d8932d00597140211064,879,1,-3,31,7,2015,4,30
56a4d89e2d0059714021107e,672,3,-1,31,7,2015,4,30
56a4d8a22d00597140211085,3999,4,-4,31,7,2015,4,30
56a4da162d005971402113c5,3520,3,-3,3,8,2015,0,31
56a4daa52d005971402114e7,4889,4,-4,4,8,2015,1,31
56a4db882d005971402116ba,4515,3,-3,6,8,2015,3,31
56a4dc232d005971402117e4,3995,4,-3,7,8,2015,4,31
56a4dd172d00597140211a0a,1456,2,-2,9,8,2015,6,32
56a4dd572d00597140211a96,4228,4,-3,10,8,2015,0,32
56a4dd612d00597140211aa3,4228,4,-3,10,8,2015,0,32
56a4de722d00597140211ccb,452,2,-1,12,8,2015,2,32
56a4df052d00597140211e04,1258,1,-4,13,8,2015,3,32
56a4df112d00597140211e26,2119,2,-3,13,8,2015,3,32
56a4df222d00597140211e41,5943,3,-3,13,8,2015,3,32
56a4df8e2d00597140211f1e,4870,4,-4,14,8,2015,4,32
56a4dfc42d00597140211f93,4396,3,-3,14,8,2015,4,32
56a4e0172d00597140212048,1913,3,-3,15,8,2015,5,32
56a4e1272d005971402122a8,443,1,-1,17,8,2015,0,33
56a4e1e42d00597140212425,8012,3,-3,19,8,2015,2,33
56a4e30f2d005971402126ad,5407,3,-4,21,8,2015,4,33
56a4e3592d00597140212731,1140,4,-3,21,8,2015,4,33
56a4e3be2d00597140212817,1765,1,-3,22,8,2015,5,33
56a4e4a82d00597140212a02,4766,3,-4,24,8,2015,0,34
56a4e4b32d00597140212a1a,527,2,-3,24,8,2015,0,34
56a4e5192d00597140212ac9,3619,3,-3,25,8,2015,1,34
56a4e58d2d00597140212bc5,6125,3,-3,26,8,2015,2,34
56a4e63b2d00597140212d27,10451,3,-3,27,8,2015,3,34
56a4e69f2d00597140212dfd,5279,3,-3,28,8,2015,4,34
56a4e73c2d00597140212f56,1531,2,-5,29,8,2015,5,34
56a4e89c2d005971402131f4,4479,4,-3,1,9,2015,1,35
56aa131f2d005903ea43f186,2059,2,-3,6,2,2015,4,5
56aa13272d005903ea43f1f1,1814,1,-2,9,2,2015,0,6
56aa132b2d005903ea43f22d,3416,3,-4,10,2,2015,1,6
56aa13302d005903ea43f283,1792,3,-3,12,2,2015,3,6
56aa133e2d005903ea43f34a,3574,3,-3,17,2,2015,1,7
56aa135d2d005903ea43f4c5,2321,2,-3,26,2,2015,3,8
56aa138a2d005903ea43f793,4240,2,-3,14,3,2015,5,10
56aa13a82d005903ea43f8fb,5196,3,-3,23,3,2015,0,12
56aa13ac2d005903ea43f932,2720,2,-3,24,3,2015,1,12
56aa13ae2d005903ea43f956,3190,3,-3,25,3,2015,2,12
56aa145b2d005904cce6cd03,3546,4,-3,2,4,2015,3,13
56aa14652d005904cce6cdbc,3279,3,-4,7,4,2015,1,14
56aa14672d005904cce6cdd6,1693,2,-2,8,4,2015,2,14
56aa14682d005904cce6cdf0,2276,1,-3,8,4,2015,2,14
56aa146b2d005904cce6ce34,2905,2,-4,10,4,2015,4,14
56aa146f2d005904cce6ce6f,1406,2,-3,11,4,2015,5,14
56aa146f2d005904cce6ce73,4120,2,-3,11,4,2015,5,14
56aa146f2d005904cce6ce7a,1699,2,-3,11,4,2015,5,14
56aa14772d005904cce6cf0d,1849,2,-2,15,4,2015,2,15
56aa14982d005904cce6d13b,1562,2,-3,27,4,2015,0,17
56aa149f2d005904cce6d1ab,2110,3,-3,30,4,2015,3,17
56aa14a02d005904cce6d1b0,546,3,-3,30,4,2015,3,17
56aa14a12d005904cce6d1c6,2925,2,-3,30,4,2015,3,17
56aa14a62d005904cce6d212,834,2,-3,2,5,2015,5,17
56aa14a72d005904cce6d22e,1864,3,-2,2,5,2015,5,17
56aa14b82d005904cce6d368,3417,3,-3,11,5,2015,0,19
56aa14bd2d005904cce6d3ac,967,1,-3,12,5,2015,1,19
56aa14c92d005904cce6d479,332,1,-1,18,5,2015,0,20
56aa14cb2d005904cce6d49e,3535,3,-4,19,5,2015,1,20
56aa14cb2d005904cce6d4a2,6842,2,-3,19,5,2015,1,20
56aa14ce2d005904cce6d4d7,2574,3,-3,20,5,2015,2,20
56aa14d82d005904cce6d594,9025,3,-3,24,5,2015,6,21
56aa15302d005905ac38c83b,2352,3,-3,1,6,2015,0,22
56aa15352d005905ac38c887,1102,2,-2,3,6,2015,2,22
56aa155f2d005905ac38cb36,1453,2,-2,18,6,2015,3,24
56aa156e2d005905ac38cc16,2994,2,-3,24,6,2015,2,25
56aa15902d005905ac38ce65,3478,2,-4,7,7,2015,1,27
56aa159d2d005905ac38cf3c,1643,3,-2,13,7,2015,0,28
56aa159f2d005905ac38cf6a,2984,2,-3,14,7,2015,1,28
56aa15b62d005905ac38d104,2067,3,-4,26,7,2015,6,30
56aa15bd2d005905ac38d181,1559,3,-2,30,7,2015,3,30
56aa15d62d005906a21645c8,3495,3,-4,1,8,2015,5,30
56aa15f62d005906a2164807,1292,3,-2,18,8,2015,1,33
56aa15f72d005906a2164818,3456,3,-3,18,8,2015,1,33
56aa16092d005906a216491e,3695,3,-4,25,8,2015,1,34
56aa160c2d005906a216494e,2513,3,-3,26,8,2015,2,34
56aa16662d005907900f2690,746,2,-2,2,9,2015,2,35
56aa169e2d005907900f2a21,1636,1,-3,28,9,2015,0,39
56aa16a42d005907900f2a6d,3233,1,-3,29,9,2015,1,39
56aa172d2d00590895f96060,3520,1,-3,14,10,2015,2,41
56aa172e2d00590895f96071,3008,2,-3,14,10,2015,2,41
56aa17322d00590895f960d3,5977,4,-4,15,10,2015,3,41
56aa17352d00590895f96125,4678,3,-4,17,10,2015,5,41
56aa17362d00590895f96153,2087,4,-3,17,10,2015,5,41
56aa17382d00590895f96188,8081,3,-3,17,10,2015,5,41
56aa17482d00590895f9637a,1707,3,-3,29,10,2015,3,43
56aa17ce2d005909c7caed5d,3714,3,-3,4,11,2015,2,44
56aa17cf2d005909c7caed6b,3162,2,-3,4,11,2015,2,44
56aa18052d005909c7caf275,9206,3,-3,18,11,2015,2,46
56aa180f2d005909c7caf357,10273,4,-4,22,11,2015,6,47
56aa18152d005909c7caf400,2467,3,-3,24,11,2015,1,47
56aa18152d005909c7caf402,6795,3,-3,24,11,2015,1,47
56aa18192d005909c7caf465,4711,3,-3,26,11,2015,3,47
56aa189d2d00590ac8cfffc8,5853,3,-3,29,11,2015,6,48
56aa189d2d00590ac8cfffc9,6415,2,-4,29,11,2015,6,48
56aa18a62d00590ac8d00050,2042,1,-2,2,12,2015,2,48
56aa18ad2d00590ac8d0009a,4731,3,-3,2,12,2015,2,48
56aa18bc2d00590ac8d001c4,1137,2,-1,7,12,2015,0,49
56aa18bd2d00590ac8d001de,2376,2,-2,7,12,2015,0,49
56aa18c52d00590ac8d002da,4348,3,-3,9,12,2015,2,49
56aa18cb2d00590ac8d00384,5068,2,-4,11,12,2015,4,49
56aa18ce2d00590ac8d003cf,4731,4,-3,13,12,2015,6,50
56aa18cf2d00590ac8d003f2,1189,1,-3,14,12,2015,0,50
56aa18d72d00590ac8d004eb,3299,2,-3,17,12,2015,3,50
56aa18dc2d00590ac8d00512,2942,2,-3,16,12,2015,2,50
56aa18df2d00590ac8d00552,1745,1,-3,18,12,2015,4,50
56aa18e12d00590ac8d00580,2017,2,-3,18,12,2015,4,50
56aa18e22d00590ac8d005a3,4842,3,-4,18,12,2015,4,50
56aa18e82d00590ac8d0064a,2389,3,-3,22,12,2015,1,51
56aa18f82d00590ac8d007c2,12935,4,-4,18,12,2015,4,50
56aa18f82d00590ac8d007c6,5563,3,-4,28,12,2015,0,52
56aa18fc2d00590ac8d00839,4751,3,-3,29,12,2015,1,52
56aa18fe2d00590ac8d00865,5313,3,-3,30,12,2015,2,52
56aa18ff2d00590ac8d00878,4214,3,-3,30,12,2015,2,52
56aa1fba2d00590cb661778b,1648,3,-3,5,1,2015,0,1
56aa1fbd2d00590cb66177b1,3335,3,-3,6,1,2015,1,1
56aa1fbf2d00590cb66177c7,1727,1,-4,7,1,2015,2,1
56aa1fc82d00590cb6617833,2955,2,-3,9,1,2015,4,1
56aa1fe02d00590cb66179b9,3037,2,-3,22,1,2015,3,3
56aa1ff22d00590cb6617aed,2069,3,-3,29,1,2015,3,4
56aa1ff32d00590cb6617af3,1550,3,-3,29,1,2015,3,4
56aa1ff92d00590cb6617b63,2107,3,-4,31,1,2015,5,4
56af5fb02d00592e15205b7b,5647,3,-3,17,12,2015,3,50
56af5fb32d00592e15205bf9,1324,2,-3,18,12,2015,4,50
56af5fb52d00592e15205c29,2857,1,-3,19,12,2015,5,50
56af5fbb2d00592e15205d10,3401,3,-3,22,12,2015,1,51
57235ecd2d00595f72a054a4,4487,3,-3,30,10,2015,4,43
57235f062d00595f72a054f7,4487,3,-3,30,10,2015,4,43
57235f582d00595f72a0558b,353,1,-3,30,10,2015,4,43
572360542d00597ba0eef80f,4479,4,-3,1,9,2015,1,35
572360bd2d00597ba0eef8fd,978,3,-3,2,9,2015,2,35
572360bf2d00597ba0eef904,7451,4,-3,2,9,2015,2,35
5723613f2d00597ba0eefa03,654,2,-2,3,9,2015,3,35
5723614e2d00597ba0eefa1f,4448,4,-3,3,9,2015,3,35
572361d92d00597ba0eefb49,1345,1,-3,4,9,2015,4,35
572361dc2d00597ba0eefb51,4936,4,-3,4,9,2015,4,35
572362232d00597ba0eefbc9,2801,2,-3,4,9,2015,4,35
572362452d00597ba0eefbfd,2105,2,-3,4,9,2015,4,35
572362462d00597ba0eefbff,2411,2,-3,4,9,2015,4,35
572363d32d00597ba0eefee5,1249,1,-2,7,9,2015,0,36
572364852d00597ba0eeff0c,1070,1,-3,7,9,2015,0,36
572365ea2d00597ba0ef0199,7266,4,-3,10,9,2015,3,36
572366862d00597ba0ef02d8,329,1,-2,11,9,2015,4,36
572366892d00597ba0ef02de,4486,4,-4,11,9,2015,4,36
5723673f2d00597ba0ef046b,889,1,-1,12,9,2015,5,36
572367bd2d00597ba0ef05ae,864,2,-3,14,9,2015,0,37
572367ca2d00597ba0ef05c8,3104,2,-3,14,9,2015,0,37
572369262d00597ba0ef0847,3738,4,-3,16,9,2015,2,37
572369b22d00597ba0ef0925,2819,3,-2,17,9,2015,3,37
572369b92d00597ba0ef0937,1132,2,-2,17,9,2015,3,37
57236b252d00597ba0ef0ba6,1078,2,-2,19,9,2015,5,37
57236b352d00597ba0ef0bca,3583,2,-3,19,9,2015,5,37
57236b362d00597ba0ef0bcb,3583,2,-3,19,9,2015,5,37
57236c8d2d00597ba0ef0e6a,4088,4,-3,22,9,2015,1,38
57236ca42d00597ba0ef0e98,4677,3,-3,22,9,2015,1,38
57236ceb2d00597ba0ef0f0b,2187,2,-3,22,9,2015,1,38
57236d262d00597ba0ef0f85,1058,1,-3,23,9,2015,2,38
57236d712d00597ba0ef1019,3848,3,-4,23,9,2015,2,38
57236dc72d00597ba0ef10be,3975,3,-4,24,9,2015,3,38
57236e912d00597ba0ef121f,5255,3,-3,25,9,2015,4,38
57236fed2d00597ba0ef14b6,3195,3,-3,28,9,2015,0,39
57236ff32d00597ba0ef14bd,755,4,-2,28,9,2015,0,39
572370052d00597ba0ef14d3,1552,1,-2,28,9,2015,0,39
572370182d00597ba0ef14e3,888,4,-2,28,9,2015,0,39
5723705f2d00597ba0ef156c,5232,4,-4,28,9,2015,0,39
5723706b2d00597ba0ef1581,755,1,-3,28,9,2015,0,39
572370ac2d00597ba0ef15fc,920,1,-3,29,9,2015,1,39
5723d1302d00591028dd7811,5077,4,-3,1,10,2015,3,39
5723d3952d00591028dd7c12,8523,3,-3,5,10,2015,0,40
5723d39b2d00591028dd7c1e,850,2,-2,5,10,2015,0,40
5723d4342d00591028dd7d0c,932,1,-1,6,10,2015,1,40
5723d4872d00591028dd7d8b,7967,3,-4,6,10,2015,1,40
5723d4992d00591028dd7dae,867,3,-2,6,10,2015,1,40
5723da7f2d00591028dd7fb8,2345,3,-3,8,10,2015,3,40
5723daea2d00591028dd8088,5314,4,-3,9,10,2015,4,40
5723dbab2d00591028dd81cc,2375,3,-3,10,10,2015,5,40
5723dc0f2d00591028dd8286,689,1,-2,11,10,2015,6,41
5723dd702d00591028dd84ec,769,1,-3,13,10,2015,1,41
5723dd8d2d00591028dd851b,4793,3,-3,13,10,2015,1,41
5723ddef2d00591028dd85d5,2033,2,-3,14,10,2015,2,41
5723de582d00591028dd869e,1843,3,-3,14,10,2015,2,41
5723df322d00591028dd884d,9618,3,-4,16,10,2015,4,41
5723e0652d00591028dd8aeb,4186,3,-4,19,10,2015,0,42
5723e0e32d00591028dd8bb9,1038,2,-3,19,10,2015,0,42
5723e23f2d00591028dd8e66,793,2,-2,22,10,2015,3,42
5723e26f2d00591028dd8eb2,5922,3,-3,22,10,2015,3,42
5723e3302d00591028dd8fe4,1079,3,-3,23,10,2015,4,42
5723e33a2d00591028dd8ff8,3481,3,-4,23,10,2015,4,42
5723e3b72d00591028dd90fd,3821,4,-3,24,10,2015,5,42
5723e3cb2d00591028dd9128,1347,1,-3,29,10,2015,3,43
5723e4002d00591028dd918a,438,2,-3,29,10,2015,3,43
5723e4482d00591028dd920a,602,3,-3,30,10,2015,4,43
5723e4942d00591028dd92a8,5634,4,-4,30,10,2015,4,43
5723e5782d00591028dd9474,1926,3,-3,1,10,2015,3,39
572494a52d0059310aa54005,723,1,-3,2,11,2015,0,44
572494de2d0059310aa5407d,1299,3,-3,2,11,2015,0,44
572495502d0059310aa54128,1972,2,-2,3,11,2015,1,44
572495502d0059310aa54129,1972,2,-2,3,11,2015,1,44
572495522d0059310aa5412d,838,1,-2,3,11,2015,1,44
572495522d0059310aa5412e,838,1,-2,3,11,2015,1,44
572495772d0059310aa54173,10752,3,-3,3,11,2015,1,44
572495f82d0059310aa5425e,5307,4,-3,4,11,2015,2,44
572495f92d0059310aa54260,4367,3,-3,4,11,2015,2,44
572496b12d0059310aa5439e,181,1,-3,5,11,2015,3,44
572497772d0059310aa544da,2065,3,-3,6,11,2015,4,44
572497e52d0059310aa54568,1132,2,-3,6,11,2015,4,44
572497eb2d0059310aa54570,1132,2,-3,6,11,2015,4,44
5724998f2d0059310aa548ac,681,2,-2,10,11,2015,1,45
572499a22d0059310aa548d6,4305,4,-3,10,11,2015,1,45
57249a752d0059310aa54a46,7958,4,-3,11,11,2015,2,45
57249ab72d0059310aa54aa4,389,1,-1,11,11,2015,2,45
57249ae32d0059310aa54ae2,2265,1,-3,12,11,2015,3,45
57249e582d0059310aa54f5d,314,1,-1,16,11,2015,0,46
57249e602d0059310aa54f6b,4615,4,-4,16,11,2015,0,46
57249f402d0059310aa550f9,223,2,-1,17,11,2015,1,46
5724a0242d0059310aa5529d,3361,3,-3,19,11,2015,3,46
5724a02e2d0059310aa552b0,1219,2,-2,19,11,2015,3,46
5724a03a2d0059310aa552c3,2737,3,-3,19,11,2015,3,46
5724a0e82d0059310aa55418,9610,3,-3,20,11,2015,4,46
5724a1202d0059310aa55457,542,1,-2,20,11,2015,4,46
5724a1942d0059310aa554ed,1383,2,-3,21,11,2015,5,46
5724a20c2d0059310aa555e9,1319,1,-2,22,11,2015,6,47
5724a2572d0059310aa55692,3423,3,-3,23,11,2015,0,47
5724a3132d0059310aa557f9,4172,2,-4,24,11,2015,1,47
5724a3612d0059310aa5588e,685,1,-3,25,11,2015,2,47
5724a3832d0059310aa558be,9471,3,-5,25,11,2015,2,47
5724a3de2d0059310aa5597a,1123,1,-3,25,11,2015,2,47
5724a4be2d0059310aa55b4a,4923,4,-3,27,11,2015,4,47
5724a5072d0059310aa55bee,4259,3,-3,28,11,2015,5,47
5724a53c2d0059310aa55c55,1051,4,-2,28,11,2015,5,47
5724a5602d0059310aa55ca8,916,1,-3,28,11,2015,5,47
5724a5912d0059310aa55d03,820,1,-2,29,11,2015,6,48
5724fdeb2d00597c05462609,3865,3,-3,1,12,2015,1,48
5724fe382d00597c0546269c,1087,2,-2,1,12,2015,1,48
5724fea72d00597c05462748,4283,3,-3,2,12,2015,2,48
572503df2d00597c05462855,596,1,-2,3,12,2015,3,48
572503e62d00597c05462863,3310,3,-3,3,12,2015,3,48
572504c62d00597c05462a03,9742,3,-3,4,12,2015,4,48
572505722d00597c05462b7b,5652,3,-3,6,12,2015,6,49
572505e12d00597c05462c5f,4481,3,-3,7,12,2015,0,49
572505f52d00597c05462c87,1172,1,-2,7,12,2015,0,49
572505fb2d00597c05462c90,625,1,-1,7,12,2015,0,49
5725066a2d00597c05462d6f,2254,3,-3,8,12,2015,1,49
5725066b2d00597c05462d70,2254,3,-3,8,12,2015,1,49
5725069c2d00597c05462dc0,8494,4,-4,8,12,2015,1,49
572507272d00597c05462ec5,5350,4,-2,9,12,2015,2,49
572507b42d00597c05462fd4,752,1,-3,10,12,2015,3,49
572507c92d00597c05462ff6,3612,3,-3,10,12,2015,3,49
5725081e2d00597c05463075,5567,4,-3,10,12,2015,3,49
5725085e2d00597c05463103,8835,3,-4,11,12,2015,4,49
572509cf2d00597c054633b4,1285,1,-2,14,12,2015,0,50
572509ed2d00597c054633d7,4082,4,-4,14,12,2015,0,50
57250a132d00597c0546341b,1819,1,-2,14,12,2015,0,50
57250a4f2d00597c05463486,2837,3,-3,14,12,2015,0,50
57250a752d00597c054634c3,661,1,-2,15,12,2015,1,50
57250a872d00597c054634de,1958,1,-3,15,12,2015,1,50
57250a892d00597c054634e1,2618,3,-3,15,12,2015,1,50
57250a8d2d00597c054634eb,5154,4,-3,15,12,2015,1,50
57250ba12d00597c0546373a,5183,3,-3,17,12,2015,3,50
57250bdb2d00597c054637a8,2067,3,-3,17,12,2015,3,50
57250c232d00597c05463846,8667,3,-3,18,12,2015,4,50
57250c2b2d00597c05463855,1611,5,-3,18,12,2015,4,50
57250cca2d00597c05463968,713,1,-2,19,12,2015,5,50
57250cce2d00597c05463974,1352,3,-2,19,12,2015,5,50
57250cdd2d00597c0546398f,2807,3,-3,19,12,2015,5,50
57250dbb2d00597c05463b17,3118,3,-3,21,12,2015,0,51
57250e262d00597c05463bfb,2784,4,-3,22,12,2015,1,51
57250e3d2d00597c05463c24,8485,3,-4,22,12,2015,1,51
57250e4d2d00597c05463c41,1146,4,-3,22,12,2015,1,51
57250e772d00597c05463ca2,1825,3,-2,22,12,2015,1,51
57250ec42d00597c05463d53,9699,3,-4,23,12,2015,2,51
57250ec82d00597c05463d5d,9699,3,-4,23,12,2015,2,51
57250ecf2d00597c05463d6d,1184,3,-3,23,12,2015,2,51
57250f542d00597c05463e47,5037,4,-3,24,12,2015,3,51
57250fd82d00597c05463f39,2606,3,-3,25,12,2015,4,51
572510ae2d00597c054640cd,331,1,-3,28,12,2015,0,52
572510ae2d00597c054640cf,1282,2,-2,28,12,2015,0,52
572510af2d00597c054640d0,1282,2,-2,28,12,2015,0,52
572510cf2d00597c05464117,890,1,-3,28,12,2015,0,52
572511602d00597c05464232,2044,3,-3,29,12,2015,1,52
572511ab2d00597c054642c7,2718,3,-3,30,12,2015,2,52
572511ad2d00597c054642c9,809,1,-2,30,12,2015,2,52
572511ae2d00597c054642cd,4025,4,-3,30,12,2015,2,52
572511b32d00597c054642d8,941,1,-4,30,12,2015,2,52
572511cc2d00597c05464309,5697,3,-3,30,12,2015,2,52
572512fc2d00597c054644c4,4451,5,-3,1,12,2015,1,48
